{"cameraMode":{"drawMode":0,"name":"Shaded","section":"Shading Mode"},"sceneLighting":false,"audioPlay":false,"sceneViewState":{"showFog":true,"showMaterialUpdate":false,"showSkybox":true,"showFlares":true,"showImageEffects":true,"showParticleSystems":true},"in2DMode":false,"pivot":{"x":19.48531723022461,"y":686.168701171875,"z":-7.663300514221191},"rotation":{"x":-0.61412113904953,"y":-0.01917720027267933,"z":0.014928838238120079,"w":-0.788840651512146},"size":28.010847091674806,"orthographic":false}