{"cameraMode":{"drawMode":0,"name":"Shaded","section":"Shading Mode"},"sceneLighting":false,"audioPlay":false,"sceneViewState":{"showFog":true,"showMaterialUpdate":false,"showSkybox":false,"showFlares":true,"showImageEffects":true,"showParticleSystems":true},"in2DMode":false,"pivot":{"x":-0.44561767578125,"y":1.03302001953125,"z":-36.38671875},"rotation":{"x":0.0021628413815051319,"y":0.997701108455658,"z":0.03893009573221207,"w":-0.055429380387067798},"size":3.9937682151794435,"orthographic":true}