{"cameraMode":{"drawMode":0,"name":"Shaded","section":"Shading Mode"},"sceneLighting":false,"audioPlay":false,"sceneViewState":{"showFog":true,"showMaterialUpdate":false,"showSkybox":true,"showFlares":true,"showImageEffects":true,"showParticleSystems":true},"in2DMode":false,"pivot":{"x":0.5391297936439514,"y":300.494873046875,"z":0.5724867582321167},"rotation":{"x":-0.12546882033348084,"y":0.8466479182243347,"z":0.4636254608631134,"w":0.22912675142288209},"size":3.1569838523864748,"orthographic":false}