{"cameraMode":{"drawMode":0,"name":"Shaded","section":"Shading Mode"},"sceneLighting":false,"audioPlay":false,"sceneViewState":{"showFog":true,"showMaterialUpdate":false,"showSkybox":true,"showFlares":true,"showImageEffects":true,"showParticleSystems":true},"in2DMode":false,"pivot":{"x":-11.606969833374024,"y":-44.40346145629883,"z":-41.59685516357422},"rotation":{"x":0.7284023761749268,"y":0.003699022810906172,"z":-0.003933004569262266,"w":0.6851317882537842},"size":654.0219116210938,"orthographic":false}