{"cameraMode":{"drawMode":0,"name":"Shaded","section":"Shading Mode"},"sceneLighting":false,"audioPlay":false,"sceneViewState":{"showFog":true,"showMaterialUpdate":false,"showSkybox":false,"showFlares":true,"showImageEffects":true,"showParticleSystems":true},"in2DMode":false,"pivot":{"x":0.13222086429595948,"y":2006.2298583984375,"z":-4.30445671081543},"rotation":{"x":0.00183071568608284,"y":0.9939404726028442,"z":-0.10866901278495789,"w":0.01669492945075035},"size":22.0,"orthographic":false}