{"cameraMode":{"drawMode":0,"name":"Shaded","section":"Shading Mode"},"sceneLighting":true,"audioPlay":false,"sceneViewState":{"showFog":true,"showMaterialUpdate":false,"showSkybox":true,"showFlares":true,"showImageEffects":true,"showParticleSystems":true},"in2DMode":false,"pivot":{"x":32.86827850341797,"y":-81.8255615234375,"z":-48.437042236328128},"rotation":{"x":-0.2487514466047287,"y":0.3824446499347687,"z":-0.10770098865032196,"w":-0.8833285570144653},"size":3.9254117012023927,"orthographic":false}